<?xml version="1.0" encoding="UTF-8"?>
<project-private xmlns="http://www.netbeans.org/ns/project-private/1">
    <editor-bookmarks xmlns="http://www.netbeans.org/ns/editor-bookmarks/2" lastBookmarkId="0"/>
    <open-files xmlns="http://www.netbeans.org/ns/projectui-open-files/2">
        <group>
            <file>file:/D:/Archivos%20de%20clases/Universidad/VII%20Semestre/Operating/NuevoUROS/SegundaParte/us_os_vm_public-main/src/ur_os/system/SystemOS.java</file>
            <file>file:/D:/Archivos%20de%20clases/Universidad/VII%20Semestre/Operating/NuevoUROS/SegundaParte/us_os_vm_public-main/src/ur_os/memory/paging/PMM_Paging.java</file>
            <file>file:/D:/Archivos%20de%20clases/Universidad/VII%20Semestre/Operating/NuevoUROS/SegundaParte/us_os_vm_public-main/src/ur_os/memory/freememorymagament/FreeMemorySlotManager.java</file>
            <file>file:/D:/Archivos%20de%20clases/Universidad/VII%20Semestre/Operating/NuevoUROS/SegundaParte/us_os_vm_public-main/src/ur_os/system/OS.java</file>
        </group>
    </open-files>
</project-private>
